{"_step":0,"mAP50":0.8328020634029917,"mAP50-95":0.5492917268233165,"_timestamp":1.7735547524250543e+09,"_wandb":{"runtime":62},"_runtime":62}